Broomstick,BTK,broom.jpg
Portions,PRT,portions.jpg
Owl,OWL,owl.jpg
Spells,SPL,spells.jpg
MagicBooks,MBK,magicbooks.jpg
InvisibilityCloak,ICK,invisibilityclock.jpg
MagicalRat,RAT,magicalrat.jpg
Dragon,DGN,dragon.jpg
Alligator,AGT,alligator.jpg
Spiders,SPD,spiders.jpg
QuiditchBalls,QBL,quiditchballs.jpg
SorcererStone,STN,sorcererstone.jpg
MagicalMirror,MRR,magicalmirror.jpg
MagicalWands,WND,magicalswands.jpg
FlyingCar,FCA,flyingcar.jpg
CrystalBall,CBL,crystalball.jpg
MagicalCat,CAT,magicalcat.jpg
YuleBallEarrings,EAR,yuleballearrings.jpg
YuleBallDress,DRS,yuleballdress.jpg
MagicPlants,MPT,magicplants.jpg